"No.","Time","Source","Destination","Protocol","Length","Info"
"16","1.332345","213.179.201.189","10.12.223.178","UDP","60","50007  >  50065 Len=8"
"64","4.352672","213.179.201.189","10.12.223.178","UDP","60","50007  >  55354 Len=8"
"72","6.006023","213.179.201.189","10.12.223.178","UDP","115","50007  >  50065 Len=73"
"73","6.006023","213.179.201.189","10.12.223.178","UDP","115","50007  >  55354 Len=73"
"76","6.030922","213.179.201.189","10.12.223.178","UDP","120","50007  >  50065 Len=78"
"77","6.031749","213.179.201.189","10.12.223.178","UDP","120","50007  >  55354 Len=78"
"78","6.045573","213.179.201.189","10.12.223.178","UDP","128","50007  >  50065 Len=86"
"82","6.125815","213.179.201.189","10.12.223.178","UDP","128","50007  >  55354 Len=86"
"84","6.134247","213.179.201.189","10.12.223.178","UDP","124","50007  >  50065 Len=82"
"85","6.134247","213.179.201.189","10.12.223.178","UDP","107","50007  >  50065 Len=65"
"86","6.134247","213.179.201.189","10.12.223.178","UDP","110","50007  >  50065 Len=68"
"87","6.134247","213.179.201.189","10.12.223.178","UDP","124","50007  >  50065 Len=82"
"88","6.134247","213.179.201.189","10.12.223.178","UDP","124","50007  >  55354 Len=82"
"89","6.134247","213.179.201.189","10.12.223.178","UDP","107","50007  >  55354 Len=65"
"90","6.134247","213.179.201.189","10.12.223.178","UDP","110","50007  >  55354 Len=68"
"91","6.135111","213.179.201.189","10.12.223.178","UDP","124","50007  >  55354 Len=82"
"92","6.150045","213.179.201.189","10.12.223.178","UDP","124","50007  >  50065 Len=82"
"93","6.150045","213.179.201.189","10.12.223.178","UDP","124","50007  >  55354 Len=82"
"94","6.165574","213.179.201.189","10.12.223.178","UDP","130","50007  >  50065 Len=88"
"95","6.165574","213.179.201.189","10.12.223.178","UDP","130","50007  >  55354 Len=88"
"96","6.184775","213.179.201.189","10.12.223.178","UDP","124","50007  >  50065 Len=82"
"97","6.184775","213.179.201.189","10.12.223.178","UDP","124","50007  >  55354 Len=82"
"98","6.206029","213.179.201.189","10.12.223.178","UDP","125","50007  >  50065 Len=83"
"99","6.206029","213.179.201.189","10.12.223.178","UDP","125","50007  >  55354 Len=83"
"100","6.224054","213.179.201.189","10.12.223.178","UDP","125","50007  >  50065 Len=83"
"101","6.225090","213.179.201.189","10.12.223.178","UDP","125","50007  >  55354 Len=83"
"102","6.242464","213.179.201.189","10.12.223.178","UDP","119","50007  >  50065 Len=77"
"103","6.243438","213.179.201.189","10.12.223.178","UDP","119","50007  >  55354 Len=77"
"104","6.264535","213.179.201.189","10.12.223.178","UDP","119","50007  >  50065 Len=77"
"105","6.264535","213.179.201.189","10.12.223.178","UDP","119","50007  >  55354 Len=77"
"112","6.296533","213.179.201.189","10.12.223.178","UDP","111","50007  >  50065 Len=69"
"113","6.297001","213.179.201.189","10.12.223.178","UDP","111","50007  >  55354 Len=69"
"114","6.308396","213.179.201.189","10.12.223.178","UDP","112","50007  >  50065 Len=70"
"115","6.308764","213.179.201.189","10.12.223.178","UDP","112","50007  >  55354 Len=70"
"116","6.323109","213.179.201.189","10.12.223.178","UDP","108","50007  >  50065 Len=66"
"118","6.324299","213.179.201.189","10.12.223.178","UDP","108","50007  >  55354 Len=66"
"121","6.331863","213.179.201.189","10.12.223.178","UDP","60","50007  >  50065 Len=8"
"122","6.342591","213.179.201.189","10.12.223.178","UDP","110","50007  >  50065 Len=68"
"123","6.343699","213.179.201.189","10.12.223.178","UDP","110","50007  >  55354 Len=68"
"124","6.371850","213.179.201.189","10.12.223.178","UDP","108","50007  >  50065 Len=66"
"125","6.371850","213.179.201.189","10.12.223.178","UDP","108","50007  >  55354 Len=66"
"126","6.387146","213.179.201.189","10.12.223.178","UDP","108","50007  >  50065 Len=66"
"127","6.387146","213.179.201.189","10.12.223.178","UDP","108","50007  >  55354 Len=66"
"128","6.405574","213.179.201.189","10.12.223.178","UDP","110","50007  >  50065 Len=68"
"129","6.406618","213.179.201.189","10.12.223.178","UDP","110","50007  >  55354 Len=68"
"130","6.422893","213.179.201.189","10.12.223.178","UDP","109","50007  >  50065 Len=67"
"131","6.425582","213.179.201.189","10.12.223.178","UDP","109","50007  >  55354 Len=67"
"132","6.443766","213.179.201.189","10.12.223.178","UDP","110","50007  >  50065 Len=68"
"133","6.444890","213.179.201.189","10.12.223.178","UDP","110","50007  >  55354 Len=68"
"134","6.463439","213.179.201.189","10.12.223.178","UDP","111","50007  >  50065 Len=69"
"135","6.464333","213.179.201.189","10.12.223.178","UDP","111","50007  >  55354 Len=69"
"136","6.486761","213.179.201.189","10.12.223.178","UDP","112","50007  >  50065 Len=70"
"137","6.488775","213.179.201.189","10.12.223.178","UDP","112","50007  >  55354 Len=70"
"138","6.513185","213.179.201.189","10.12.223.178","UDP","111","50007  >  50065 Len=69"
"139","6.513463","213.179.201.189","10.12.223.178","UDP","111","50007  >  55354 Len=69"
"140","6.524330","213.179.201.189","10.12.223.178","UDP","109","50007  >  50065 Len=67"
"141","6.524330","213.179.201.189","10.12.223.178","UDP","109","50007  >  55354 Len=67"
"142","6.543273","213.179.201.189","10.12.223.178","UDP","111","50007  >  50065 Len=69"
"143","6.544197","213.179.201.189","10.12.223.178","UDP","111","50007  >  55354 Len=69"
"144","6.564042","213.179.201.189","10.12.223.178","UDP","113","50007  >  50065 Len=71"
"145","6.564042","213.179.201.189","10.12.223.178","UDP","113","50007  >  55354 Len=71"
"146","6.582022","213.179.201.189","10.12.223.178","UDP","112","50007  >  50065 Len=70"
"147","6.583435","213.179.201.189","10.12.223.178","UDP","112","50007  >  55354 Len=70"
"148","6.602532","213.179.201.189","10.12.223.178","UDP","112","50007  >  50065 Len=70"
"149","6.607184","213.179.201.189","10.12.223.178","UDP","112","50007  >  55354 Len=70"
"150","6.623063","213.179.201.189","10.12.223.178","UDP","110","50007  >  50065 Len=68"
"151","6.624201","213.179.201.189","10.12.223.178","UDP","110","50007  >  55354 Len=68"
"152","6.643839","213.179.201.189","10.12.223.178","UDP","117","50007  >  50065 Len=75"
"153","6.644382","213.179.201.189","10.12.223.178","UDP","117","50007  >  55354 Len=75"
"154","6.662195","213.179.201.189","10.12.223.178","UDP","113","50007  >  50065 Len=71"
"155","6.664545","213.179.201.189","10.12.223.178","UDP","113","50007  >  55354 Len=71"
"156","6.685687","213.179.201.189","10.12.223.178","UDP","109","50007  >  50065 Len=67"
"157","6.685687","213.179.201.189","10.12.223.178","UDP","109","50007  >  55354 Len=67"
"158","6.703480","213.179.201.189","10.12.223.178","UDP","111","50007  >  50065 Len=69"
"159","6.703972","213.179.201.189","10.12.223.178","UDP","111","50007  >  55354 Len=69"
"160","6.727619","213.179.201.189","10.12.223.178","UDP","118","50007  >  50065 Len=76"
"161","6.728457","213.179.201.189","10.12.223.178","UDP","118","50007  >  55354 Len=76"
"162","6.743036","213.179.201.189","10.12.223.178","UDP","116","50007  >  50065 Len=74"
"163","6.743563","213.179.201.189","10.12.223.178","UDP","116","50007  >  55354 Len=74"
"164","6.764207","213.179.201.189","10.12.223.178","UDP","115","50007  >  50065 Len=73"
"165","6.764704","213.179.201.189","10.12.223.178","UDP","115","50007  >  55354 Len=73"
"166","6.783507","213.179.201.189","10.12.223.178","UDP","112","50007  >  50065 Len=70"
"167","6.783675","213.179.201.189","10.12.223.178","UDP","112","50007  >  55354 Len=70"
"168","6.803448","213.179.201.189","10.12.223.178","UDP","115","50007  >  50065 Len=73"
"169","6.804206","213.179.201.189","10.12.223.178","UDP","115","50007  >  55354 Len=73"
"170","6.827105","213.179.201.189","10.12.223.178","UDP","120","50007  >  50065 Len=78"
"171","6.827105","213.179.201.189","10.12.223.178","UDP","120","50007  >  55354 Len=78"
"172","6.843686","213.179.201.189","10.12.223.178","UDP","129","50007  >  50065 Len=87"
"173","6.844455","213.179.201.189","10.12.223.178","UDP","129","50007  >  55354 Len=87"
"174","6.867283","213.179.201.189","10.12.223.178","UDP","126","50007  >  50065 Len=84"
"175","6.867283","213.179.201.189","10.12.223.178","UDP","126","50007  >  55354 Len=84"
"176","6.883305","213.179.201.189","10.12.223.178","UDP","115","50007  >  50065 Len=73"
"177","6.884152","213.179.201.189","10.12.223.178","UDP","115","50007  >  55354 Len=73"
"178","6.902809","213.179.201.189","10.12.223.178","UDP","120","50007  >  50065 Len=78"
"179","6.903728","213.179.201.189","10.12.223.178","UDP","120","50007  >  55354 Len=78"
"180","6.926269","213.179.201.189","10.12.223.178","UDP","115","50007  >  50065 Len=73"
"181","6.926269","213.179.201.189","10.12.223.178","UDP","115","50007  >  55354 Len=73"
"184","6.945338","213.179.201.189","10.12.223.178","UDP","122","50007  >  50065 Len=80"
"185","6.945338","213.179.201.189","10.12.223.178","UDP","122","50007  >  55354 Len=80"
"186","6.963556","213.179.201.189","10.12.223.178","UDP","127","50007  >  50065 Len=85"
"187","6.965866","213.179.201.189","10.12.223.178","UDP","127","50007  >  55354 Len=85"
"188","6.983131","213.179.201.189","10.12.223.178","UDP","122","50007  >  50065 Len=80"
"189","6.983131","213.179.201.189","10.12.223.178","UDP","122","50007  >  55354 Len=80"
"190","7.005971","213.179.201.189","10.12.223.178","UDP","120","50007  >  50065 Len=78"
"191","7.005971","213.179.201.189","10.12.223.178","UDP","120","50007  >  55354 Len=78"
"192","7.023510","213.179.201.189","10.12.223.178","UDP","124","50007  >  50065 Len=82"
"193","7.027946","213.179.201.189","10.12.223.178","UDP","124","50007  >  55354 Len=82"
"194","7.042841","213.179.201.189","10.12.223.178","UDP","122","50007  >  50065 Len=80"
"195","7.043011","213.179.201.189","10.12.223.178","UDP","122","50007  >  55354 Len=80"
"196","7.066558","213.179.201.189","10.12.223.178","UDP","120","50007  >  50065 Len=78"
"197","7.071761","213.179.201.189","10.12.223.178","UDP","120","50007  >  55354 Len=78"
"198","7.083435","213.179.201.189","10.12.223.178","UDP","116","50007  >  50065 Len=74"
"199","7.083968","213.179.201.189","10.12.223.178","UDP","116","50007  >  55354 Len=74"
"200","7.117643","213.179.201.189","10.12.223.178","UDP","123","50007  >  50065 Len=81"
"201","7.117643","213.179.201.189","10.12.223.178","UDP","123","50007  >  55354 Len=81"
"202","7.121812","213.179.201.189","10.12.223.178","UDP","112","50007  >  50065 Len=70"
"203","7.124040","213.179.201.189","10.12.223.178","UDP","112","50007  >  55354 Len=70"
"204","7.145251","213.179.201.189","10.12.223.178","UDP","115","50007  >  50065 Len=73"
"205","7.145251","213.179.201.189","10.12.223.178","UDP","115","50007  >  55354 Len=73"
"208","7.163752","213.179.201.189","10.12.223.178","UDP","117","50007  >  50065 Len=75"
"209","7.163894","213.179.201.189","10.12.223.178","UDP","117","50007  >  55354 Len=75"
"210","7.188239","213.179.201.189","10.12.223.178","UDP","123","50007  >  50065 Len=81"
"211","7.188239","213.179.201.189","10.12.223.178","UDP","123","50007  >  55354 Len=81"
"212","7.203151","213.179.201.189","10.12.223.178","UDP","117","50007  >  50065 Len=75"
"213","7.204094","213.179.201.189","10.12.223.178","UDP","117","50007  >  55354 Len=75"
"214","7.222766","213.179.201.189","10.12.223.178","UDP","120","50007  >  50065 Len=78"
"215","7.223718","213.179.201.189","10.12.223.178","UDP","120","50007  >  55354 Len=78"
"216","7.253400","213.179.201.189","10.12.223.178","UDP","118","50007  >  50065 Len=76"
"217","7.253718","213.179.201.189","10.12.223.178","UDP","118","50007  >  55354 Len=76"
"218","7.263017","213.179.201.189","10.12.223.178","UDP","136","50007  >  50065 Len=94"
"219","7.263017","213.179.201.189","10.12.223.178","UDP","136","50007  >  55354 Len=94"
"220","7.284473","213.179.201.189","10.12.223.178","UDP","115","50007  >  50065 Len=73"
"221","7.284625","213.179.201.189","10.12.223.178","UDP","115","50007  >  55354 Len=73"
"222","7.303953","213.179.201.189","10.12.223.178","UDP","115","50007  >  50065 Len=73"
"223","7.305052","213.179.201.189","10.12.223.178","UDP","115","50007  >  55354 Len=73"
"224","7.322171","213.179.201.189","10.12.223.178","UDP","115","50007  >  50065 Len=73"
"225","7.324733","213.179.201.189","10.12.223.178","UDP","115","50007  >  55354 Len=73"
"226","7.343365","213.179.201.189","10.12.223.178","UDP","115","50007  >  50065 Len=73"
"227","7.344291","213.179.201.189","10.12.223.178","UDP","115","50007  >  55354 Len=73"
"228","7.362766","213.179.201.189","10.12.223.178","UDP","115","50007  >  50065 Len=73"
"229","7.363721","213.179.201.189","10.12.223.178","UDP","115","50007  >  55354 Len=73"
"230","7.383146","213.179.201.189","10.12.223.178","UDP","115","50007  >  50065 Len=73"
"231","7.383813","213.179.201.189","10.12.223.178","UDP","115","50007  >  55354 Len=73"
"232","7.405509","213.179.201.189","10.12.223.178","UDP","115","50007  >  50065 Len=73"
"233","7.406367","213.179.201.189","10.12.223.178","UDP","115","50007  >  55354 Len=73"
"234","7.428191","213.179.201.189","10.12.223.178","UDP","115","50007  >  50065 Len=73"
"235","7.428742","213.179.201.189","10.12.223.178","UDP","115","50007  >  55354 Len=73"
"236","7.442868","213.179.201.189","10.12.223.178","UDP","115","50007  >  50065 Len=73"
"237","7.443828","213.179.201.189","10.12.223.178","UDP","115","50007  >  55354 Len=73"
"238","7.462457","213.179.201.189","10.12.223.178","UDP","115","50007  >  50065 Len=73"
"239","7.463586","213.179.201.189","10.12.223.178","UDP","115","50007  >  55354 Len=73"
"240","7.483661","213.179.201.189","10.12.223.178","UDP","115","50007  >  50065 Len=73"
"241","7.485462","213.179.201.189","10.12.223.178","UDP","115","50007  >  55354 Len=73"
"242","7.505742","213.179.201.189","10.12.223.178","UDP","115","50007  >  50065 Len=73"
"243","7.505742","213.179.201.189","10.12.223.178","UDP","115","50007  >  55354 Len=73"
"244","7.523057","213.179.201.189","10.12.223.178","UDP","117","50007  >  50065 Len=75"
"245","7.524043","213.179.201.189","10.12.223.178","UDP","117","50007  >  55354 Len=75"
"246","7.544932","213.179.201.189","10.12.223.178","UDP","116","50007  >  50065 Len=74"
"247","7.544932","213.179.201.189","10.12.223.178","UDP","116","50007  >  55354 Len=74"
"248","7.563426","213.179.201.189","10.12.223.178","UDP","119","50007  >  50065 Len=77"
"249","7.564599","213.179.201.189","10.12.223.178","UDP","119","50007  >  55354 Len=77"
"250","7.585658","213.179.201.189","10.12.223.178","UDP","119","50007  >  50065 Len=77"
"251","7.586087","213.179.201.189","10.12.223.178","UDP","119","50007  >  55354 Len=77"
"252","7.604938","213.179.201.189","10.12.223.178","UDP","118","50007  >  50065 Len=76"
"253","7.604938","213.179.201.189","10.12.223.178","UDP","118","50007  >  55354 Len=76"
"254","7.622397","213.179.201.189","10.12.223.178","UDP","119","50007  >  50065 Len=77"
"255","7.623598","213.179.201.189","10.12.223.178","UDP","119","50007  >  55354 Len=77"
"256","7.642985","213.179.201.189","10.12.223.178","UDP","118","50007  >  50065 Len=76"
"257","7.660337","213.179.201.189","10.12.223.178","UDP","118","50007  >  55354 Len=76"
"258","7.670944","213.179.201.189","10.12.223.178","UDP","117","50007  >  50065 Len=75"
"259","7.671199","213.179.201.189","10.12.223.178","UDP","117","50007  >  55354 Len=75"
"260","7.684103","213.179.201.189","10.12.223.178","UDP","117","50007  >  50065 Len=75"
"261","7.685540","213.179.201.189","10.12.223.178","UDP","117","50007  >  55354 Len=75"
"262","7.704704","213.179.201.189","10.12.223.178","UDP","117","50007  >  50065 Len=75"
"263","7.705297","213.179.201.189","10.12.223.178","UDP","117","50007  >  55354 Len=75"
"264","7.723907","213.179.201.189","10.12.223.178","UDP","115","50007  >  50065 Len=73"
"265","7.723907","213.179.201.189","10.12.223.178","UDP","115","50007  >  55354 Len=73"
"266","7.745189","213.179.201.189","10.12.223.178","UDP","112","50007  >  50065 Len=70"
"267","7.745189","213.179.201.189","10.12.223.178","UDP","112","50007  >  55354 Len=70"
"268","7.766534","213.179.201.189","10.12.223.178","UDP","114","50007  >  50065 Len=72"
"269","7.766534","213.179.201.189","10.12.223.178","UDP","114","50007  >  55354 Len=72"
"270","7.792155","213.179.201.189","10.12.223.178","UDP","115","50007  >  50065 Len=73"
"271","7.792155","213.179.201.189","10.12.223.178","UDP","115","50007  >  55354 Len=73"
"272","7.803772","213.179.201.189","10.12.223.178","UDP","113","50007  >  50065 Len=71"
"273","7.803939","213.179.201.189","10.12.223.178","UDP","113","50007  >  55354 Len=71"
"274","7.824445","213.179.201.189","10.12.223.178","UDP","113","50007  >  50065 Len=71"
"275","7.824445","213.179.201.189","10.12.223.178","UDP","113","50007  >  55354 Len=71"
"276","7.842601","213.179.201.189","10.12.223.178","UDP","113","50007  >  50065 Len=71"
"277","7.843795","213.179.201.189","10.12.223.178","UDP","113","50007  >  55354 Len=71"
"278","7.862164","213.179.201.189","10.12.223.178","UDP","113","50007  >  50065 Len=71"
"279","7.864803","213.179.201.189","10.12.223.178","UDP","113","50007  >  55354 Len=71"
"280","7.882842","213.179.201.189","10.12.223.178","UDP","113","50007  >  50065 Len=71"
"281","7.882842","213.179.201.189","10.12.223.178","UDP","113","50007  >  55354 Len=71"
"282","7.903234","213.179.201.189","10.12.223.178","UDP","115","50007  >  50065 Len=73"
"283","7.904071","213.179.201.189","10.12.223.178","UDP","115","50007  >  55354 Len=73"
"284","7.922509","213.179.201.189","10.12.223.178","UDP","114","50007  >  50065 Len=72"
"285","7.925233","213.179.201.189","10.12.223.178","UDP","114","50007  >  55354 Len=72"
"288","7.957125","213.179.201.189","10.12.223.178","UDP","116","50007  >  50065 Len=74"
"289","7.957125","213.179.201.189","10.12.223.178","UDP","116","50007  >  55354 Len=74"
"290","7.969274","213.179.201.189","10.12.223.178","UDP","115","50007  >  50065 Len=73"
"291","7.969274","213.179.201.189","10.12.223.178","UDP","115","50007  >  55354 Len=73"
"292","7.983815","213.179.201.189","10.12.223.178","UDP","115","50007  >  50065 Len=73"
"293","7.983815","213.179.201.189","10.12.223.178","UDP","115","50007  >  55354 Len=73"
"294","8.002924","213.179.201.189","10.12.223.178","UDP","117","50007  >  50065 Len=75"
"295","8.003881","213.179.201.189","10.12.223.178","UDP","117","50007  >  55354 Len=75"
"296","8.022641","213.179.201.189","10.12.223.178","UDP","117","50007  >  50065 Len=75"
"297","8.025086","213.179.201.189","10.12.223.178","UDP","117","50007  >  55354 Len=75"
"298","8.043925","213.179.201.189","10.12.223.178","UDP","117","50007  >  50065 Len=75"
"299","8.046532","213.179.201.189","10.12.223.178","UDP","117","50007  >  55354 Len=75"
"300","8.063522","213.179.201.189","10.12.223.178","UDP","119","50007  >  50065 Len=77"
"301","8.068503","213.179.201.189","10.12.223.178","UDP","119","50007  >  55354 Len=77"
"302","8.083298","213.179.201.189","10.12.223.178","UDP","118","50007  >  50065 Len=76"
"303","8.084237","213.179.201.189","10.12.223.178","UDP","118","50007  >  55354 Len=76"
"304","8.109174","213.179.201.189","10.12.223.178","UDP","119","50007  >  50065 Len=77"
"305","8.109174","213.179.201.189","10.12.223.178","UDP","119","50007  >  55354 Len=77"
"306","8.123995","213.179.201.189","10.12.223.178","UDP","125","50007  >  50065 Len=83"
"307","8.124952","213.179.201.189","10.12.223.178","UDP","125","50007  >  55354 Len=83"
"308","8.142199","213.179.201.189","10.12.223.178","UDP","115","50007  >  50065 Len=73"
"309","8.143389","213.179.201.189","10.12.223.178","UDP","115","50007  >  55354 Len=73"
"311","8.175403","213.179.201.189","10.12.223.178","UDP","115","50007  >  50065 Len=73"
"312","8.175403","213.179.201.189","10.12.223.178","UDP","115","50007  >  55354 Len=73"
"314","8.190350","213.179.201.189","10.12.223.178","UDP","115","50007  >  50065 Len=73"
"315","8.190475","213.179.201.189","10.12.223.178","UDP","115","50007  >  55354 Len=73"
"316","8.202446","213.179.201.189","10.12.223.178","UDP","115","50007  >  50065 Len=73"
"317","8.206621","213.179.201.189","10.12.223.178","UDP","115","50007  >  55354 Len=73"
"318","8.224521","213.179.201.189","10.12.223.178","UDP","115","50007  >  50065 Len=73"
"319","8.224521","213.179.201.189","10.12.223.178","UDP","115","50007  >  55354 Len=73"
"320","8.243069","213.179.201.189","10.12.223.178","UDP","115","50007  >  50065 Len=73"
"321","8.245245","213.179.201.189","10.12.223.178","UDP","115","50007  >  55354 Len=73"
"323","8.262736","213.179.201.189","10.12.223.178","UDP","115","50007  >  50065 Len=73"
"324","8.264758","213.179.201.189","10.12.223.178","UDP","115","50007  >  55354 Len=73"
"325","8.282525","213.179.201.189","10.12.223.178","UDP","115","50007  >  50065 Len=73"
"326","8.284321","213.179.201.189","10.12.223.178","UDP","115","50007  >  55354 Len=73"
"327","8.304068","213.179.201.189","10.12.223.178","UDP","115","50007  >  50065 Len=73"
"328","8.304662","213.179.201.189","10.12.223.178","UDP","115","50007  >  55354 Len=73"
"329","8.322968","213.179.201.189","10.12.223.178","UDP","115","50007  >  50065 Len=73"
"330","8.326327","213.179.201.189","10.12.223.178","UDP","115","50007  >  55354 Len=73"
"333","8.343574","213.179.201.189","10.12.223.178","UDP","115","50007  >  50065 Len=73"
"334","8.346410","213.179.201.189","10.12.223.178","UDP","115","50007  >  55354 Len=73"
"335","8.363836","213.179.201.189","10.12.223.178","UDP","115","50007  >  50065 Len=73"
"336","8.367457","213.179.201.189","10.12.223.178","UDP","115","50007  >  55354 Len=73"
"337","8.386446","213.179.201.189","10.12.223.178","UDP","115","50007  >  50065 Len=73"
"338","8.386446","213.179.201.189","10.12.223.178","UDP","115","50007  >  55354 Len=73"
"340","8.407158","213.179.201.189","10.12.223.178","UDP","115","50007  >  50065 Len=73"
"341","8.407158","213.179.201.189","10.12.223.178","UDP","115","50007  >  55354 Len=73"
"342","8.423685","213.179.201.189","10.12.223.178","UDP","115","50007  >  50065 Len=73"
"343","8.424369","213.179.201.189","10.12.223.178","UDP","115","50007  >  55354 Len=73"
"344","8.442829","213.179.201.189","10.12.223.178","UDP","115","50007  >  50065 Len=73"
"345","8.443715","213.179.201.189","10.12.223.178","UDP","115","50007  >  55354 Len=73"
"346","8.469098","213.179.201.189","10.12.223.178","UDP","115","50007  >  50065 Len=73"
"347","8.470206","213.179.201.189","10.12.223.178","UDP","115","50007  >  55354 Len=73"
"348","8.483406","213.179.201.189","10.12.223.178","UDP","115","50007  >  50065 Len=73"
"349","8.483406","213.179.201.189","10.12.223.178","UDP","115","50007  >  55354 Len=73"
"350","8.505605","213.179.201.189","10.12.223.178","UDP","115","50007  >  50065 Len=73"
"351","8.505605","213.179.201.189","10.12.223.178","UDP","115","50007  >  55354 Len=73"
"353","8.525441","213.179.201.189","10.12.223.178","UDP","115","50007  >  50065 Len=73"
"354","8.525441","213.179.201.189","10.12.223.178","UDP","115","50007  >  55354 Len=73"
"355","8.562156","213.179.201.189","10.12.223.178","UDP","115","50007  >  50065 Len=73"
"356","8.562453","213.179.201.189","10.12.223.178","UDP","115","50007  >  55354 Len=73"
"357","8.578014","213.179.201.189","10.12.223.178","UDP","115","50007  >  50065 Len=73"
"358","8.578014","213.179.201.189","10.12.223.178","UDP","115","50007  >  55354 Len=73"
"359","8.584901","213.179.201.189","10.12.223.178","UDP","115","50007  >  50065 Len=73"
"360","8.584901","213.179.201.189","10.12.223.178","UDP","115","50007  >  55354 Len=73"
"361","8.606111","213.179.201.189","10.12.223.178","UDP","115","50007  >  50065 Len=73"
"362","8.606111","213.179.201.189","10.12.223.178","UDP","115","50007  >  55354 Len=73"
"363","8.632894","213.179.201.189","10.12.223.178","UDP","115","50007  >  50065 Len=73"
"364","8.632894","213.179.201.189","10.12.223.178","UDP","115","50007  >  55354 Len=73"
"365","8.644780","213.179.201.189","10.12.223.178","UDP","115","50007  >  50065 Len=73"
"366","8.644780","213.179.201.189","10.12.223.178","UDP","115","50007  >  55354 Len=73"
"367","8.664715","213.179.201.189","10.12.223.178","UDP","115","50007  >  50065 Len=73"
"368","8.664715","213.179.201.189","10.12.223.178","UDP","115","50007  >  55354 Len=73"
"369","8.682955","213.179.201.189","10.12.223.178","UDP","115","50007  >  50065 Len=73"
"370","8.686471","213.179.201.189","10.12.223.178","UDP","115","50007  >  55354 Len=73"
"371","8.704322","213.179.201.189","10.12.223.178","UDP","115","50007  >  50065 Len=73"
"372","8.706944","213.179.201.189","10.12.223.178","UDP","115","50007  >  55354 Len=73"
"373","8.724687","213.179.201.189","10.12.223.178","UDP","115","50007  >  50065 Len=73"
"374","8.724687","213.179.201.189","10.12.223.178","UDP","115","50007  >  55354 Len=73"
"375","8.742800","213.179.201.189","10.12.223.178","UDP","115","50007  >  50065 Len=73"
"376","8.746865","213.179.201.189","10.12.223.178","UDP","115","50007  >  55354 Len=73"
"377","8.764160","213.179.201.189","10.12.223.178","UDP","115","50007  >  50065 Len=73"
"378","8.764160","213.179.201.189","10.12.223.178","UDP","115","50007  >  55354 Len=73"
"379","8.784429","213.179.201.189","10.12.223.178","UDP","115","50007  >  50065 Len=73"
"380","8.784429","213.179.201.189","10.12.223.178","UDP","115","50007  >  55354 Len=73"
"381","8.806181","213.179.201.189","10.12.223.178","UDP","115","50007  >  50065 Len=73"
"382","8.806867","213.179.201.189","10.12.223.178","UDP","115","50007  >  55354 Len=73"
"383","8.824007","213.179.201.189","10.12.223.178","UDP","115","50007  >  50065 Len=73"
"384","8.824007","213.179.201.189","10.12.223.178","UDP","115","50007  >  55354 Len=73"
"385","8.842636","213.179.201.189","10.12.223.178","UDP","115","50007  >  50065 Len=73"
"386","8.842636","213.179.201.189","10.12.223.178","UDP","115","50007  >  55354 Len=73"
"387","8.864674","213.179.201.189","10.12.223.178","UDP","115","50007  >  50065 Len=73"
"388","8.864674","213.179.201.189","10.12.223.178","UDP","115","50007  >  55354 Len=73"
"389","8.882860","213.179.201.189","10.12.223.178","UDP","115","50007  >  50065 Len=73"
"390","8.884129","213.179.201.189","10.12.223.178","UDP","115","50007  >  55354 Len=73"
"391","8.905529","213.179.201.189","10.12.223.178","UDP","115","50007  >  50065 Len=73"
"392","8.905529","213.179.201.189","10.12.223.178","UDP","115","50007  >  55354 Len=73"
"393","8.923705","213.179.201.189","10.12.223.178","UDP","115","50007  >  50065 Len=73"
"394","8.923705","213.179.201.189","10.12.223.178","UDP","115","50007  >  55354 Len=73"
"397","8.944027","213.179.201.189","10.12.223.178","UDP","115","50007  >  50065 Len=73"
"398","8.944027","213.179.201.189","10.12.223.178","UDP","115","50007  >  55354 Len=73"
"399","8.964933","213.179.201.189","10.12.223.178","UDP","115","50007  >  50065 Len=73"
"400","8.964933","213.179.201.189","10.12.223.178","UDP","115","50007  >  55354 Len=73"
"401","8.984281","213.179.201.189","10.12.223.178","UDP","115","50007  >  50065 Len=73"
"402","8.984281","213.179.201.189","10.12.223.178","UDP","115","50007  >  55354 Len=73"
"403","9.005037","213.179.201.189","10.12.223.178","UDP","115","50007  >  50065 Len=73"
"404","9.005037","213.179.201.189","10.12.223.178","UDP","115","50007  >  55354 Len=73"
"405","9.024995","213.179.201.189","10.12.223.178","UDP","115","50007  >  50065 Len=73"
"406","9.024995","213.179.201.189","10.12.223.178","UDP","115","50007  >  55354 Len=73"
"407","9.052345","213.179.201.189","10.12.223.178","UDP","115","50007  >  50065 Len=73"
"408","9.052345","213.179.201.189","10.12.223.178","UDP","115","50007  >  55354 Len=73"
"409","9.064235","213.179.201.189","10.12.223.178","UDP","115","50007  >  50065 Len=73"
"410","9.064235","213.179.201.189","10.12.223.178","UDP","115","50007  >  55354 Len=73"
"411","9.082432","213.179.201.189","10.12.223.178","UDP","115","50007  >  50065 Len=73"
"412","9.085731","213.179.201.189","10.12.223.178","UDP","115","50007  >  55354 Len=73"
"413","9.104601","213.179.201.189","10.12.223.178","UDP","115","50007  >  50065 Len=73"
"414","9.104601","213.179.201.189","10.12.223.178","UDP","115","50007  >  55354 Len=73"
"417","9.127789","213.179.201.189","10.12.223.178","UDP","115","50007  >  50065 Len=73"
"418","9.127789","213.179.201.189","10.12.223.178","UDP","115","50007  >  55354 Len=73"
"419","9.144555","213.179.201.189","10.12.223.178","UDP","115","50007  >  50065 Len=73"
"420","9.144555","213.179.201.189","10.12.223.178","UDP","115","50007  >  55354 Len=73"
"421","9.166874","213.179.201.189","10.12.223.178","UDP","115","50007  >  50065 Len=73"
"422","9.166874","213.179.201.189","10.12.223.178","UDP","115","50007  >  55354 Len=73"
"424","9.182954","213.179.201.189","10.12.223.178","UDP","115","50007  >  50065 Len=73"
"425","9.191806","213.179.201.189","10.12.223.178","UDP","115","50007  >  55354 Len=73"
"427","9.202830","213.179.201.189","10.12.223.178","UDP","115","50007  >  50065 Len=73"
"428","9.206199","213.179.201.189","10.12.223.178","UDP","115","50007  >  55354 Len=73"
"429","9.223359","213.179.201.189","10.12.223.178","UDP","115","50007  >  50065 Len=73"
"430","9.223359","213.179.201.189","10.12.223.178","UDP","115","50007  >  55354 Len=73"
"431","9.243896","213.179.201.189","10.12.223.178","UDP","115","50007  >  50065 Len=73"
"432","9.243896","213.179.201.189","10.12.223.178","UDP","115","50007  >  55354 Len=73"
"433","9.263427","213.179.201.189","10.12.223.178","UDP","115","50007  >  50065 Len=73"
"434","9.263427","213.179.201.189","10.12.223.178","UDP","115","50007  >  55354 Len=73"
"435","9.284783","213.179.201.189","10.12.223.178","UDP","115","50007  >  50065 Len=73"
"436","9.284783","213.179.201.189","10.12.223.178","UDP","115","50007  >  55354 Len=73"
"437","9.304659","213.179.201.189","10.12.223.178","UDP","115","50007  >  50065 Len=73"
"438","9.304659","213.179.201.189","10.12.223.178","UDP","115","50007  >  55354 Len=73"
"439","9.323678","213.179.201.189","10.12.223.178","UDP","115","50007  >  50065 Len=73"
"440","9.324622","213.179.201.189","10.12.223.178","UDP","115","50007  >  55354 Len=73"
"441","9.342786","213.179.201.189","10.12.223.178","UDP","115","50007  >  50065 Len=73"
"442","9.342786","213.179.201.189","10.12.223.178","UDP","115","50007  >  55354 Len=73"
"444","9.351431","213.179.201.189","10.12.223.178","UDP","60","50007  >  55354 Len=8"
"445","9.363017","213.179.201.189","10.12.223.178","UDP","115","50007  >  50065 Len=73"
"446","9.365945","213.179.201.189","10.12.223.178","UDP","115","50007  >  55354 Len=73"
"447","9.382947","213.179.201.189","10.12.223.178","UDP","115","50007  >  50065 Len=73"
"448","9.385721","213.179.201.189","10.12.223.178","UDP","115","50007  >  55354 Len=73"
"449","9.405165","213.179.201.189","10.12.223.178","UDP","115","50007  >  50065 Len=73"
"450","9.410617","213.179.201.189","10.12.223.178","UDP","115","50007  >  55354 Len=73"
"451","9.423885","213.179.201.189","10.12.223.178","UDP","115","50007  >  50065 Len=73"
"452","9.427223","213.179.201.189","10.12.223.178","UDP","115","50007  >  55354 Len=73"
"453","9.446486","213.179.201.189","10.12.223.178","UDP","115","50007  >  50065 Len=73"
"454","9.446486","213.179.201.189","10.12.223.178","UDP","115","50007  >  55354 Len=73"
"455","9.465867","213.179.201.189","10.12.223.178","UDP","115","50007  >  50065 Len=73"
"456","9.465867","213.179.201.189","10.12.223.178","UDP","115","50007  >  55354 Len=73"
"457","9.482757","213.179.201.189","10.12.223.178","UDP","115","50007  >  50065 Len=73"
"458","9.485911","213.179.201.189","10.12.223.178","UDP","115","50007  >  55354 Len=73"
"459","9.506365","213.179.201.189","10.12.223.178","UDP","115","50007  >  50065 Len=73"
"460","9.509555","213.179.201.189","10.12.223.178","UDP","115","50007  >  55354 Len=73"
"461","9.523072","213.179.201.189","10.12.223.178","UDP","115","50007  >  50065 Len=73"
"462","9.528682","213.179.201.189","10.12.223.178","UDP","115","50007  >  55354 Len=73"
"463","9.546327","213.179.201.189","10.12.223.178","UDP","115","50007  >  50065 Len=73"
"464","9.546327","213.179.201.189","10.12.223.178","UDP","115","50007  >  55354 Len=73"
"465","9.566536","213.179.201.189","10.12.223.178","UDP","115","50007  >  50065 Len=73"
"466","9.566536","213.179.201.189","10.12.223.178","UDP","115","50007  >  55354 Len=73"
"467","9.583538","213.179.201.189","10.12.223.178","UDP","115","50007  >  50065 Len=73"
"468","9.583538","213.179.201.189","10.12.223.178","UDP","115","50007  >  55354 Len=73"
"469","9.603004","213.179.201.189","10.12.223.178","UDP","115","50007  >  50065 Len=73"
"470","9.605177","213.179.201.189","10.12.223.178","UDP","115","50007  >  55354 Len=73"
"471","9.622722","213.179.201.189","10.12.223.178","UDP","115","50007  >  50065 Len=73"
"472","9.624992","213.179.201.189","10.12.223.178","UDP","115","50007  >  55354 Len=73"
"473","9.644569","213.179.201.189","10.12.223.178","UDP","115","50007  >  50065 Len=73"
"474","9.644569","213.179.201.189","10.12.223.178","UDP","115","50007  >  55354 Len=73"
"475","9.670834","213.179.201.189","10.12.223.178","UDP","115","50007  >  50065 Len=73"
"476","9.671276","213.179.201.189","10.12.223.178","UDP","115","50007  >  55354 Len=73"
"477","9.683083","213.179.201.189","10.12.223.178","UDP","115","50007  >  50065 Len=73"
"478","9.686760","213.179.201.189","10.12.223.178","UDP","115","50007  >  55354 Len=73"
"479","9.703146","213.179.201.189","10.12.223.178","UDP","115","50007  >  50065 Len=73"
"480","9.706415","213.179.201.189","10.12.223.178","UDP","115","50007  >  55354 Len=73"
"481","9.725157","213.179.201.189","10.12.223.178","UDP","115","50007  >  50065 Len=73"
"482","9.725157","213.179.201.189","10.12.223.178","UDP","115","50007  >  55354 Len=73"
"483","9.743406","213.179.201.189","10.12.223.178","UDP","115","50007  >  50065 Len=73"
"484","9.747116","213.179.201.189","10.12.223.178","UDP","115","50007  >  55354 Len=73"
"485","9.766255","213.179.201.189","10.12.223.178","UDP","115","50007  >  50065 Len=73"
"486","9.766255","213.179.201.189","10.12.223.178","UDP","115","50007  >  55354 Len=73"
"487","9.783263","213.179.201.189","10.12.223.178","UDP","115","50007  >  50065 Len=73"
"488","9.786847","213.179.201.189","10.12.223.178","UDP","115","50007  >  55354 Len=73"
"489","9.803272","213.179.201.189","10.12.223.178","UDP","115","50007  >  50065 Len=73"
"490","9.803933","213.179.201.189","10.12.223.178","UDP","115","50007  >  55354 Len=73"
"491","9.824514","213.179.201.189","10.12.223.178","UDP","115","50007  >  50065 Len=73"
"492","9.826383","213.179.201.189","10.12.223.178","UDP","115","50007  >  55354 Len=73"
"493","9.844088","213.179.201.189","10.12.223.178","UDP","114","50007  >  50065 Len=72"
"494","9.844088","213.179.201.189","10.12.223.178","UDP","114","50007  >  55354 Len=72"
"495","9.865825","213.179.201.189","10.12.223.178","UDP","113","50007  >  50065 Len=71"
"496","9.869278","213.179.201.189","10.12.223.178","UDP","113","50007  >  55354 Len=71"
"497","9.885283","213.179.201.189","10.12.223.178","UDP","117","50007  >  50065 Len=75"
"498","9.885283","213.179.201.189","10.12.223.178","UDP","117","50007  >  55354 Len=75"
"499","9.904150","213.179.201.189","10.12.223.178","UDP","116","50007  >  50065 Len=74"
"500","9.904150","213.179.201.189","10.12.223.178","UDP","116","50007  >  55354 Len=74"
"501","9.924267","213.179.201.189","10.12.223.178","UDP","115","50007  >  50065 Len=73"
"502","9.924267","213.179.201.189","10.12.223.178","UDP","115","50007  >  55354 Len=73"
"505","9.945123","213.179.201.189","10.12.223.178","UDP","115","50007  >  50065 Len=73"
"506","9.945123","213.179.201.189","10.12.223.178","UDP","115","50007  >  55354 Len=73"
"507","9.965591","213.179.201.189","10.12.223.178","UDP","115","50007  >  50065 Len=73"
"508","9.965591","213.179.201.189","10.12.223.178","UDP","115","50007  >  55354 Len=73"
"509","9.982443","213.179.201.189","10.12.223.178","UDP","115","50007  >  50065 Len=73"
"510","9.986819","213.179.201.189","10.12.223.178","UDP","115","50007  >  55354 Len=73"
"511","10.005676","213.179.201.189","10.12.223.178","UDP","115","50007  >  50065 Len=73"
"512","10.005676","213.179.201.189","10.12.223.178","UDP","115","50007  >  55354 Len=73"
"513","10.027376","213.179.201.189","10.12.223.178","UDP","115","50007  >  50065 Len=73"
"514","10.027376","213.179.201.189","10.12.223.178","UDP","115","50007  >  55354 Len=73"
"515","10.044087","213.179.201.189","10.12.223.178","UDP","115","50007  >  50065 Len=73"
"516","10.044087","213.179.201.189","10.12.223.178","UDP","115","50007  >  55354 Len=73"
"517","10.064398","213.179.201.189","10.12.223.178","UDP","115","50007  >  50065 Len=73"
"518","10.064398","213.179.201.189","10.12.223.178","UDP","115","50007  >  55354 Len=73"
"519","10.084349","213.179.201.189","10.12.223.178","UDP","115","50007  >  50065 Len=73"
"520","10.084349","213.179.201.189","10.12.223.178","UDP","115","50007  >  55354 Len=73"
"521","10.104046","213.179.201.189","10.12.223.178","UDP","115","50007  >  50065 Len=73"
"522","10.104046","213.179.201.189","10.12.223.178","UDP","115","50007  >  55354 Len=73"
"523","10.122541","213.179.201.189","10.12.223.178","UDP","115","50007  >  50065 Len=73"
"524","10.125171","213.179.201.189","10.12.223.178","UDP","115","50007  >  55354 Len=73"
"525","10.142784","213.179.201.189","10.12.223.178","UDP","115","50007  >  50065 Len=73"
"526","10.146250","213.179.201.189","10.12.223.178","UDP","115","50007  >  55354 Len=73"
"527","10.165540","213.179.201.189","10.12.223.178","UDP","115","50007  >  50065 Len=73"
"528","10.165540","213.179.201.189","10.12.223.178","UDP","115","50007  >  55354 Len=73"
"529","10.183692","213.179.201.189","10.12.223.178","UDP","115","50007  >  50065 Len=73"
"530","10.185779","213.179.201.189","10.12.223.178","UDP","115","50007  >  55354 Len=73"
"532","10.212927","213.179.201.189","10.12.223.178","UDP","115","50007  >  50065 Len=73"
"533","10.212927","213.179.201.189","10.12.223.178","UDP","115","50007  >  55354 Len=73"
"535","10.222444","213.179.201.189","10.12.223.178","UDP","115","50007  >  50065 Len=73"
"536","10.225723","213.179.201.189","10.12.223.178","UDP","115","50007  >  55354 Len=73"
"537","10.244129","213.179.201.189","10.12.223.178","UDP","115","50007  >  50065 Len=73"
"538","10.244129","213.179.201.189","10.12.223.178","UDP","115","50007  >  55354 Len=73"
"539","10.263849","213.179.201.189","10.12.223.178","UDP","115","50007  >  50065 Len=73"
"540","10.263849","213.179.201.189","10.12.223.178","UDP","115","50007  >  55354 Len=73"
"541","10.283723","213.179.201.189","10.12.223.178","UDP","115","50007  >  50065 Len=73"
"542","10.283723","213.179.201.189","10.12.223.178","UDP","115","50007  >  55354 Len=73"
"543","10.305070","213.179.201.189","10.12.223.178","UDP","115","50007  >  50065 Len=73"
"544","10.305070","213.179.201.189","10.12.223.178","UDP","115","50007  >  55354 Len=73"
"545","10.324564","213.179.201.189","10.12.223.178","UDP","115","50007  >  50065 Len=73"
"546","10.324564","213.179.201.189","10.12.223.178","UDP","115","50007  >  55354 Len=73"
"547","10.342643","213.179.201.189","10.12.223.178","UDP","115","50007  >  50065 Len=73"
"548","10.343583","213.179.201.189","10.12.223.178","UDP","115","50007  >  55354 Len=73"
"549","10.363885","213.179.201.189","10.12.223.178","UDP","115","50007  >  50065 Len=73"
"550","10.363885","213.179.201.189","10.12.223.178","UDP","115","50007  >  55354 Len=73"
"551","10.383992","213.179.201.189","10.12.223.178","UDP","115","50007  >  50065 Len=73"
"552","10.383992","213.179.201.189","10.12.223.178","UDP","115","50007  >  55354 Len=73"
"553","10.406969","213.179.201.189","10.12.223.178","UDP","114","50007  >  50065 Len=72"
"554","10.406969","213.179.201.189","10.12.223.178","UDP","114","50007  >  55354 Len=72"
"555","10.423586","213.179.201.189","10.12.223.178","UDP","116","50007  >  50065 Len=74"
"556","10.423586","213.179.201.189","10.12.223.178","UDP","116","50007  >  55354 Len=74"
"557","10.444214","213.179.201.189","10.12.223.178","UDP","114","50007  >  50065 Len=72"
"558","10.444214","213.179.201.189","10.12.223.178","UDP","114","50007  >  55354 Len=72"
"559","10.463928","213.179.201.189","10.12.223.178","UDP","114","50007  >  50065 Len=72"
"560","10.466071","213.179.201.189","10.12.223.178","UDP","114","50007  >  55354 Len=72"
"561","10.485458","213.179.201.189","10.12.223.178","UDP","114","50007  >  50065 Len=72"
"562","10.485458","213.179.201.189","10.12.223.178","UDP","114","50007  >  55354 Len=72"
"563","10.505570","213.179.201.189","10.12.223.178","UDP","113","50007  >  50065 Len=71"
"564","10.505570","213.179.201.189","10.12.223.178","UDP","113","50007  >  55354 Len=71"
"565","10.525206","213.179.201.189","10.12.223.178","UDP","114","50007  >  50065 Len=72"
"566","10.525206","213.179.201.189","10.12.223.178","UDP","114","50007  >  55354 Len=72"
"567","10.546855","213.179.201.189","10.12.223.178","UDP","115","50007  >  50065 Len=73"
"568","10.546855","213.179.201.189","10.12.223.178","UDP","115","50007  >  55354 Len=73"
"569","10.564717","213.179.201.189","10.12.223.178","UDP","115","50007  >  50065 Len=73"
"570","10.564717","213.179.201.189","10.12.223.178","UDP","115","50007  >  55354 Len=73"
"571","10.583779","213.179.201.189","10.12.223.178","UDP","117","50007  >  50065 Len=75"
"572","10.583779","213.179.201.189","10.12.223.178","UDP","117","50007  >  55354 Len=75"
"573","10.603313","213.179.201.189","10.12.223.178","UDP","114","50007  >  50065 Len=72"
"574","10.603313","213.179.201.189","10.12.223.178","UDP","114","50007  >  55354 Len=72"
"575","10.623982","213.179.201.189","10.12.223.178","UDP","112","50007  >  50065 Len=70"
"576","10.623982","213.179.201.189","10.12.223.178","UDP","112","50007  >  55354 Len=70"
"577","10.644490","213.179.201.189","10.12.223.178","UDP","112","50007  >  50065 Len=70"
"578","10.644490","213.179.201.189","10.12.223.178","UDP","112","50007  >  55354 Len=70"
"579","10.662231","213.179.201.189","10.12.223.178","UDP","112","50007  >  50065 Len=70"
"580","10.663125","213.179.201.189","10.12.223.178","UDP","112","50007  >  55354 Len=70"
"581","10.683086","213.179.201.189","10.12.223.178","UDP","110","50007  >  50065 Len=68"
"582","10.683704","213.179.201.189","10.12.223.178","UDP","110","50007  >  55354 Len=68"
"583","10.704382","213.179.201.189","10.12.223.178","UDP","108","50007  >  50065 Len=66"
"584","10.704382","213.179.201.189","10.12.223.178","UDP","108","50007  >  55354 Len=66"
"585","10.722771","213.179.201.189","10.12.223.178","UDP","106","50007  >  50065 Len=64"
"586","10.723608","213.179.201.189","10.12.223.178","UDP","106","50007  >  55354 Len=64"
"588","10.752642","213.179.201.189","10.12.223.178","UDP","110","50007  >  50065 Len=68"
"589","10.752642","213.179.201.189","10.12.223.178","UDP","110","50007  >  55354 Len=68"
"590","10.764662","213.179.201.189","10.12.223.178","UDP","115","50007  >  50065 Len=73"
"591","10.766973","213.179.201.189","10.12.223.178","UDP","115","50007  >  55354 Len=73"
"592","10.783817","213.179.201.189","10.12.223.178","UDP","115","50007  >  50065 Len=73"
"593","10.783817","213.179.201.189","10.12.223.178","UDP","115","50007  >  55354 Len=73"
"594","10.812084","213.179.201.189","10.12.223.178","UDP","115","50007  >  50065 Len=73"
"595","10.812084","213.179.201.189","10.12.223.178","UDP","115","50007  >  55354 Len=73"
"596","10.839838","213.179.201.189","10.12.223.178","UDP","115","50007  >  50065 Len=73"
"597","10.839838","213.179.201.189","10.12.223.178","UDP","115","50007  >  55354 Len=73"
"598","10.851983","213.179.201.189","10.12.223.178","UDP","115","50007  >  50065 Len=73"
"599","10.851983","213.179.201.189","10.12.223.178","UDP","115","50007  >  55354 Len=73"
"600","10.866049","213.179.201.189","10.12.223.178","UDP","115","50007  >  50065 Len=73"
"601","10.866049","213.179.201.189","10.12.223.178","UDP","115","50007  >  55354 Len=73"
"602","10.882284","213.179.201.189","10.12.223.178","UDP","115","50007  >  50065 Len=73"
"603","10.883258","213.179.201.189","10.12.223.178","UDP","115","50007  >  55354 Len=73"
"604","10.907295","213.179.201.189","10.12.223.178","UDP","127","50007  >  50065 Len=85"
"605","10.907295","213.179.201.189","10.12.223.178","UDP","127","50007  >  55354 Len=85"
"606","10.923520","213.179.201.189","10.12.223.178","UDP","111","50007  >  50065 Len=69"
"607","10.925609","213.179.201.189","10.12.223.178","UDP","111","50007  >  55354 Len=69"
"610","10.944112","213.179.201.189","10.12.223.178","UDP","112","50007  >  50065 Len=70"
"611","10.944112","213.179.201.189","10.12.223.178","UDP","112","50007  >  55354 Len=70"
"612","10.965260","213.179.201.189","10.12.223.178","UDP","111","50007  >  50065 Len=69"
"613","10.965260","213.179.201.189","10.12.223.178","UDP","111","50007  >  55354 Len=69"
"614","10.983354","213.179.201.189","10.12.223.178","UDP","114","50007  >  50065 Len=72"
"615","10.986707","213.179.201.189","10.12.223.178","UDP","114","50007  >  55354 Len=72"
"616","11.002633","213.179.201.189","10.12.223.178","UDP","115","50007  >  50065 Len=73"
"617","11.003619","213.179.201.189","10.12.223.178","UDP","115","50007  >  55354 Len=73"
"618","11.023976","213.179.201.189","10.12.223.178","UDP","115","50007  >  50065 Len=73"
"619","11.026793","213.179.201.189","10.12.223.178","UDP","115","50007  >  55354 Len=73"
"620","11.044552","213.179.201.189","10.12.223.178","UDP","115","50007  >  50065 Len=73"
"621","11.044552","213.179.201.189","10.12.223.178","UDP","115","50007  >  55354 Len=73"
"622","11.062704","213.179.201.189","10.12.223.178","UDP","115","50007  >  50065 Len=73"
"623","11.062704","213.179.201.189","10.12.223.178","UDP","115","50007  >  55354 Len=73"
"624","11.086408","213.179.201.189","10.12.223.178","UDP","125","50007  >  50065 Len=83"
"625","11.086408","213.179.201.189","10.12.223.178","UDP","125","50007  >  55354 Len=83"
"626","11.105156","213.179.201.189","10.12.223.178","UDP","110","50007  >  50065 Len=68"
"627","11.105156","213.179.201.189","10.12.223.178","UDP","110","50007  >  55354 Len=68"
"628","11.123519","213.179.201.189","10.12.223.178","UDP","123","50007  >  50065 Len=81"
"629","11.126795","213.179.201.189","10.12.223.178","UDP","123","50007  >  55354 Len=81"
"630","11.147617","213.179.201.189","10.12.223.178","UDP","112","50007  >  50065 Len=70"
"631","11.147617","213.179.201.189","10.12.223.178","UDP","112","50007  >  55354 Len=70"
"632","11.162693","213.179.201.189","10.12.223.178","UDP","110","50007  >  50065 Len=68"
"633","11.164887","213.179.201.189","10.12.223.178","UDP","110","50007  >  55354 Len=68"
"634","11.183452","213.179.201.189","10.12.223.178","UDP","110","50007  >  50065 Len=68"
"635","11.183605","213.179.201.189","10.12.223.178","UDP","110","50007  >  55354 Len=68"
"636","11.212258","213.179.201.189","10.12.223.178","UDP","115","50007  >  50065 Len=73"
"637","11.212258","213.179.201.189","10.12.223.178","UDP","115","50007  >  55354 Len=73"
"640","11.222577","213.179.201.189","10.12.223.178","UDP","115","50007  >  50065 Len=73"
"641","11.225964","213.179.201.189","10.12.223.178","UDP","115","50007  >  55354 Len=73"
"642","11.246747","213.179.201.189","10.12.223.178","UDP","115","50007  >  50065 Len=73"
"643","11.246747","213.179.201.189","10.12.223.178","UDP","115","50007  >  55354 Len=73"
"644","11.267383","213.179.201.189","10.12.223.178","UDP","115","50007  >  50065 Len=73"
"645","11.267672","213.179.201.189","10.12.223.178","UDP","115","50007  >  55354 Len=73"
"646","11.284262","213.179.201.189","10.12.223.178","UDP","115","50007  >  50065 Len=73"
"647","11.284262","213.179.201.189","10.12.223.178","UDP","115","50007  >  55354 Len=73"
"648","11.306049","213.179.201.189","10.12.223.178","UDP","115","50007  >  50065 Len=73"
"649","11.306049","213.179.201.189","10.12.223.178","UDP","115","50007  >  55354 Len=73"
"651","11.325978","213.179.201.189","10.12.223.178","UDP","115","50007  >  50065 Len=73"
"652","11.325978","213.179.201.189","10.12.223.178","UDP","115","50007  >  55354 Len=73"
"653","11.332151","213.179.201.189","10.12.223.178","UDP","60","50007  >  50065 Len=8"
"654","11.342814","213.179.201.189","10.12.223.178","UDP","116","50007  >  50065 Len=74"
"655","11.346471","213.179.201.189","10.12.223.178","UDP","116","50007  >  55354 Len=74"
"656","11.363900","213.179.201.189","10.12.223.178","UDP","115","50007  >  50065 Len=73"
"657","11.363900","213.179.201.189","10.12.223.178","UDP","115","50007  >  55354 Len=73"
"658","11.385922","213.179.201.189","10.12.223.178","UDP","115","50007  >  50065 Len=73"
"659","11.385922","213.179.201.189","10.12.223.178","UDP","115","50007  >  55354 Len=73"
"660","11.406684","213.179.201.189","10.12.223.178","UDP","118","50007  >  50065 Len=76"
"661","11.406684","213.179.201.189","10.12.223.178","UDP","118","50007  >  55354 Len=76"
"662","11.424783","213.179.201.189","10.12.223.178","UDP","116","50007  >  50065 Len=74"
"663","11.424783","213.179.201.189","10.12.223.178","UDP","116","50007  >  55354 Len=74"
"664","11.445770","213.179.201.189","10.12.223.178","UDP","117","50007  >  50065 Len=75"
"665","11.445770","213.179.201.189","10.12.223.178","UDP","117","50007  >  55354 Len=75"
"666","11.463788","213.179.201.189","10.12.223.178","UDP","118","50007  >  50065 Len=76"
"667","11.463788","213.179.201.189","10.12.223.178","UDP","118","50007  >  55354 Len=76"
"668","11.486473","213.179.201.189","10.12.223.178","UDP","117","50007  >  50065 Len=75"
"669","11.486473","213.179.201.189","10.12.223.178","UDP","117","50007  >  55354 Len=75"
"670","11.503427","213.179.201.189","10.12.223.178","UDP","117","50007  >  50065 Len=75"
"671","11.504326","213.179.201.189","10.12.223.178","UDP","117","50007  >  55354 Len=75"
"672","11.524123","213.179.201.189","10.12.223.178","UDP","115","50007  >  50065 Len=73"
"673","11.528417","213.179.201.189","10.12.223.178","UDP","115","50007  >  55354 Len=73"
"674","11.544110","213.179.201.189","10.12.223.178","UDP","117","50007  >  50065 Len=75"
"675","11.544110","213.179.201.189","10.12.223.178","UDP","117","50007  >  55354 Len=75"
"676","11.564423","213.179.201.189","10.12.223.178","UDP","114","50007  >  50065 Len=72"
"677","11.564423","213.179.201.189","10.12.223.178","UDP","114","50007  >  55354 Len=72"
"678","11.585453","213.179.201.189","10.12.223.178","UDP","117","50007  >  50065 Len=75"
"679","11.585453","213.179.201.189","10.12.223.178","UDP","117","50007  >  55354 Len=75"
"680","11.604963","213.179.201.189","10.12.223.178","UDP","114","50007  >  50065 Len=72"
"681","11.606095","213.179.201.189","10.12.223.178","UDP","114","50007  >  55354 Len=72"
"682","11.624084","213.179.201.189","10.12.223.178","UDP","115","50007  >  50065 Len=73"
"683","11.624084","213.179.201.189","10.12.223.178","UDP","115","50007  >  55354 Len=73"
"684","11.644854","213.179.201.189","10.12.223.178","UDP","135","50007  >  50065 Len=93"
"685","11.644854","213.179.201.189","10.12.223.178","UDP","135","50007  >  55354 Len=93"
"686","11.662762","213.179.201.189","10.12.223.178","UDP","119","50007  >  50065 Len=77"
"687","11.662762","213.179.201.189","10.12.223.178","UDP","119","50007  >  55354 Len=77"
"688","11.683301","213.179.201.189","10.12.223.178","UDP","115","50007  >  50065 Len=73"
"689","11.683301","213.179.201.189","10.12.223.178","UDP","115","50007  >  55354 Len=73"
"690","11.704005","213.179.201.189","10.12.223.178","UDP","115","50007  >  50065 Len=73"
"691","11.704653","213.179.201.189","10.12.223.178","UDP","115","50007  >  55354 Len=73"
"692","11.724035","213.179.201.189","10.12.223.178","UDP","115","50007  >  50065 Len=73"
"693","11.724193","213.179.201.189","10.12.223.178","UDP","115","50007  >  55354 Len=73"
"694","11.744257","213.179.201.189","10.12.223.178","UDP","115","50007  >  50065 Len=73"
"695","11.744257","213.179.201.189","10.12.223.178","UDP","115","50007  >  55354 Len=73"
"696","11.764239","213.179.201.189","10.12.223.178","UDP","115","50007  >  50065 Len=73"
"697","11.764239","213.179.201.189","10.12.223.178","UDP","115","50007  >  55354 Len=73"
"698","11.785637","213.179.201.189","10.12.223.178","UDP","115","50007  >  50065 Len=73"
"699","11.785637","213.179.201.189","10.12.223.178","UDP","115","50007  >  55354 Len=73"
"700","11.803786","213.179.201.189","10.12.223.178","UDP","115","50007  >  50065 Len=73"
"701","11.803786","213.179.201.189","10.12.223.178","UDP","115","50007  >  55354 Len=73"
"702","11.825878","213.179.201.189","10.12.223.178","UDP","115","50007  >  50065 Len=73"
"703","11.825878","213.179.201.189","10.12.223.178","UDP","115","50007  >  55354 Len=73"
"704","11.844732","213.179.201.189","10.12.223.178","UDP","115","50007  >  50065 Len=73"
"705","11.844732","213.179.201.189","10.12.223.178","UDP","115","50007  >  55354 Len=73"
"706","11.865271","213.179.201.189","10.12.223.178","UDP","115","50007  >  50065 Len=73"
"707","11.865271","213.179.201.189","10.12.223.178","UDP","115","50007  >  55354 Len=73"
"708","11.906163","213.179.201.189","10.12.223.178","UDP","114","50007  >  50065 Len=72"
"709","11.906163","213.179.201.189","10.12.223.178","UDP","114","50007  >  55354 Len=72"
"710","11.906501","213.179.201.189","10.12.223.178","UDP","116","50007  >  50065 Len=74"
"711","11.906501","213.179.201.189","10.12.223.178","UDP","116","50007  >  55354 Len=74"
"712","11.934352","213.179.201.189","10.12.223.178","UDP","115","50007  >  50065 Len=73"
"713","11.934352","213.179.201.189","10.12.223.178","UDP","115","50007  >  55354 Len=73"
"716","11.949078","213.179.201.189","10.12.223.178","UDP","115","50007  >  50065 Len=73"
"717","11.949078","213.179.201.189","10.12.223.178","UDP","115","50007  >  55354 Len=73"
"718","11.965370","213.179.201.189","10.12.223.178","UDP","115","50007  >  50065 Len=73"
"719","11.965370","213.179.201.189","10.12.223.178","UDP","115","50007  >  55354 Len=73"
"720","11.984927","213.179.201.189","10.12.223.178","UDP","115","50007  >  50065 Len=73"
"721","11.984927","213.179.201.189","10.12.223.178","UDP","115","50007  >  55354 Len=73"
"722","12.003721","213.179.201.189","10.12.223.178","UDP","115","50007  >  50065 Len=73"
"723","12.003721","213.179.201.189","10.12.223.178","UDP","115","50007  >  55354 Len=73"
"724","12.025607","213.179.201.189","10.12.223.178","UDP","115","50007  >  50065 Len=73"
"725","12.025607","213.179.201.189","10.12.223.178","UDP","115","50007  >  55354 Len=73"
"726","12.044961","213.179.201.189","10.12.223.178","UDP","111","50007  >  50065 Len=69"
"727","12.044961","213.179.201.189","10.12.223.178","UDP","111","50007  >  55354 Len=69"
"728","12.066822","213.179.201.189","10.12.223.178","UDP","109","50007  >  50065 Len=67"
"729","12.066822","213.179.201.189","10.12.223.178","UDP","109","50007  >  55354 Len=67"
"731","12.083209","213.179.201.189","10.12.223.178","UDP","108","50007  >  50065 Len=66"
"732","12.089602","213.179.201.189","10.12.223.178","UDP","108","50007  >  55354 Len=66"
"733","12.104187","213.179.201.189","10.12.223.178","UDP","109","50007  >  50065 Len=67"
"734","12.104187","213.179.201.189","10.12.223.178","UDP","109","50007  >  55354 Len=67"
"735","12.124163","213.179.201.189","10.12.223.178","UDP","110","50007  >  50065 Len=68"
"736","12.124163","213.179.201.189","10.12.223.178","UDP","110","50007  >  55354 Len=68"
"738","12.144084","213.179.201.189","10.12.223.178","UDP","111","50007  >  50065 Len=69"
"739","12.147765","213.179.201.189","10.12.223.178","UDP","111","50007  >  55354 Len=69"
"740","12.163998","213.179.201.189","10.12.223.178","UDP","111","50007  >  50065 Len=69"
"741","12.163998","213.179.201.189","10.12.223.178","UDP","111","50007  >  55354 Len=69"
"742","12.189301","213.179.201.189","10.12.223.178","UDP","111","50007  >  50065 Len=69"
"743","12.189301","213.179.201.189","10.12.223.178","UDP","111","50007  >  55354 Len=69"
"746","12.284959","213.179.201.189","10.12.223.178","UDP","115","50007  >  50065 Len=73"
"747","12.284959","213.179.201.189","10.12.223.178","UDP","115","50007  >  50065 Len=73"
"748","12.284959","213.179.201.189","10.12.223.178","UDP","130","50007  >  50065 Len=88"
"749","12.284959","213.179.201.189","10.12.223.178","UDP","114","50007  >  50065 Len=72"
"751","12.288597","213.179.201.189","10.12.223.178","UDP","115","50007  >  55354 Len=73"
"752","12.288597","213.179.201.189","10.12.223.178","UDP","115","50007  >  55354 Len=73"
"753","12.288597","213.179.201.189","10.12.223.178","UDP","130","50007  >  55354 Len=88"
"754","12.288597","213.179.201.189","10.12.223.178","UDP","114","50007  >  55354 Len=72"
"755","12.288597","213.179.201.189","10.12.223.178","UDP","115","50007  >  50065 Len=73"
"756","12.288597","213.179.201.189","10.12.223.178","UDP","115","50007  >  55354 Len=73"
"757","12.305268","213.179.201.189","10.12.223.178","UDP","113","50007  >  50065 Len=71"
"758","12.305268","213.179.201.189","10.12.223.178","UDP","113","50007  >  55354 Len=71"
"759","12.324041","213.179.201.189","10.12.223.178","UDP","114","50007  >  50065 Len=72"
"760","12.324041","213.179.201.189","10.12.223.178","UDP","114","50007  >  55354 Len=72"
"761","12.343584","213.179.201.189","10.12.223.178","UDP","115","50007  >  50065 Len=73"
"762","12.343584","213.179.201.189","10.12.223.178","UDP","115","50007  >  55354 Len=73"
"763","12.363177","213.179.201.189","10.12.223.178","UDP","115","50007  >  50065 Len=73"
"764","12.364289","213.179.201.189","10.12.223.178","UDP","115","50007  >  55354 Len=73"
"765","12.384275","213.179.201.189","10.12.223.178","UDP","115","50007  >  50065 Len=73"
"766","12.384275","213.179.201.189","10.12.223.178","UDP","115","50007  >  55354 Len=73"
"767","12.405041","213.179.201.189","10.12.223.178","UDP","117","50007  >  50065 Len=75"
"768","12.405730","213.179.201.189","10.12.223.178","UDP","117","50007  >  55354 Len=75"
"769","12.424117","213.179.201.189","10.12.223.178","UDP","115","50007  >  50065 Len=73"
"770","12.424117","213.179.201.189","10.12.223.178","UDP","115","50007  >  55354 Len=73"
"771","12.444494","213.179.201.189","10.12.223.178","UDP","114","50007  >  50065 Len=72"
"772","12.444494","213.179.201.189","10.12.223.178","UDP","114","50007  >  55354 Len=72"
"773","12.466700","213.179.201.189","10.12.223.178","UDP","117","50007  >  50065 Len=75"
"774","12.467142","213.179.201.189","10.12.223.178","UDP","117","50007  >  55354 Len=75"
"775","12.484796","213.179.201.189","10.12.223.178","UDP","115","50007  >  50065 Len=73"
"776","12.484796","213.179.201.189","10.12.223.178","UDP","115","50007  >  55354 Len=73"
"777","12.502983","213.179.201.189","10.12.223.178","UDP","117","50007  >  50065 Len=75"
"778","12.503571","213.179.201.189","10.12.223.178","UDP","117","50007  >  55354 Len=75"
"779","12.527444","213.179.201.189","10.12.223.178","UDP","116","50007  >  50065 Len=74"
"780","12.527444","213.179.201.189","10.12.223.178","UDP","116","50007  >  55354 Len=74"
"781","12.541868","213.179.201.189","10.12.223.178","UDP","116","50007  >  50065 Len=74"
"782","12.546145","213.179.201.189","10.12.223.178","UDP","116","50007  >  55354 Len=74"
"783","12.564947","213.179.201.189","10.12.223.178","UDP","115","50007  >  50065 Len=73"
"784","12.564947","213.179.201.189","10.12.223.178","UDP","115","50007  >  55354 Len=73"
"785","12.584138","213.179.201.189","10.12.223.178","UDP","114","50007  >  50065 Len=72"
"786","12.584138","213.179.201.189","10.12.223.178","UDP","114","50007  >  55354 Len=72"
"787","12.606426","213.179.201.189","10.12.223.178","UDP","118","50007  >  50065 Len=76"
"788","12.606426","213.179.201.189","10.12.223.178","UDP","118","50007  >  55354 Len=76"
"789","12.625377","213.179.201.189","10.12.223.178","UDP","117","50007  >  50065 Len=75"
"790","12.625377","213.179.201.189","10.12.223.178","UDP","117","50007  >  55354 Len=75"
"791","12.645852","213.179.201.189","10.12.223.178","UDP","117","50007  >  50065 Len=75"
"792","12.645852","213.179.201.189","10.12.223.178","UDP","117","50007  >  55354 Len=75"
"794","12.664376","213.179.201.189","10.12.223.178","UDP","118","50007  >  50065 Len=76"
"795","12.664376","213.179.201.189","10.12.223.178","UDP","118","50007  >  55354 Len=76"
"796","12.684667","213.179.201.189","10.12.223.178","UDP","118","50007  >  50065 Len=76"
"797","12.684667","213.179.201.189","10.12.223.178","UDP","118","50007  >  55354 Len=76"
"798","12.702568","213.179.201.189","10.12.223.178","UDP","118","50007  >  50065 Len=76"
"799","12.703608","213.179.201.189","10.12.223.178","UDP","118","50007  >  55354 Len=76"
"800","12.724801","213.179.201.189","10.12.223.178","UDP","117","50007  >  50065 Len=75"
"801","12.724801","213.179.201.189","10.12.223.178","UDP","117","50007  >  55354 Len=75"
"802","12.743369","213.179.201.189","10.12.223.178","UDP","117","50007  >  50065 Len=75"
"803","12.743369","213.179.201.189","10.12.223.178","UDP","117","50007  >  55354 Len=75"
"804","12.763206","213.179.201.189","10.12.223.178","UDP","116","50007  >  50065 Len=74"
"805","12.763206","213.179.201.189","10.12.223.178","UDP","116","50007  >  55354 Len=74"
"806","12.784048","213.179.201.189","10.12.223.178","UDP","116","50007  >  50065 Len=74"
"807","12.784048","213.179.201.189","10.12.223.178","UDP","116","50007  >  55354 Len=74"
"808","12.804131","213.179.201.189","10.12.223.178","UDP","115","50007  >  50065 Len=73"
"809","12.804131","213.179.201.189","10.12.223.178","UDP","115","50007  >  55354 Len=73"
"810","12.828299","213.179.201.189","10.12.223.178","UDP","116","50007  >  50065 Len=74"
"811","12.828299","213.179.201.189","10.12.223.178","UDP","116","50007  >  55354 Len=74"
"812","12.850438","213.179.201.189","10.12.223.178","UDP","115","50007  >  50065 Len=73"
"813","12.850438","213.179.201.189","10.12.223.178","UDP","115","50007  >  55354 Len=73"
"814","12.863607","213.179.201.189","10.12.223.178","UDP","115","50007  >  50065 Len=73"
"815","12.863607","213.179.201.189","10.12.223.178","UDP","115","50007  >  55354 Len=73"
"816","12.884868","213.179.201.189","10.12.223.178","UDP","115","50007  >  50065 Len=73"
"817","12.884868","213.179.201.189","10.12.223.178","UDP","115","50007  >  55354 Len=73"
"819","12.904858","213.179.201.189","10.12.223.178","UDP","115","50007  >  50065 Len=73"
"820","12.904858","213.179.201.189","10.12.223.178","UDP","115","50007  >  55354 Len=73"
"821","12.923444","213.179.201.189","10.12.223.178","UDP","115","50007  >  50065 Len=73"
"822","12.924298","213.179.201.189","10.12.223.178","UDP","115","50007  >  55354 Len=73"
"826","12.943416","213.179.201.189","10.12.223.178","UDP","115","50007  >  50065 Len=73"
"827","12.946814","213.179.201.189","10.12.223.178","UDP","115","50007  >  55354 Len=73"
"828","12.963843","213.179.201.189","10.12.223.178","UDP","115","50007  >  50065 Len=73"
"829","12.963843","213.179.201.189","10.12.223.178","UDP","115","50007  >  55354 Len=73"
"830","12.986764","213.179.201.189","10.12.223.178","UDP","115","50007  >  50065 Len=73"
"831","12.986764","213.179.201.189","10.12.223.178","UDP","115","50007  >  55354 Len=73"
"832","13.002497","213.179.201.189","10.12.223.178","UDP","115","50007  >  50065 Len=73"
"833","13.004180","213.179.201.189","10.12.223.178","UDP","115","50007  >  55354 Len=73"
"834","13.026900","213.179.201.189","10.12.223.178","UDP","115","50007  >  50065 Len=73"
"835","13.027851","213.179.201.189","10.12.223.178","UDP","115","50007  >  55354 Len=73"
"836","13.044376","213.179.201.189","10.12.223.178","UDP","115","50007  >  50065 Len=73"
"837","13.044376","213.179.201.189","10.12.223.178","UDP","115","50007  >  55354 Len=73"
"838","13.064775","213.179.201.189","10.12.223.178","UDP","115","50007  >  50065 Len=73"
"839","13.064775","213.179.201.189","10.12.223.178","UDP","115","50007  >  55354 Len=73"
"840","13.085419","213.179.201.189","10.12.223.178","UDP","115","50007  >  50065 Len=73"
"841","13.085419","213.179.201.189","10.12.223.178","UDP","115","50007  >  55354 Len=73"
"842","13.104554","213.179.201.189","10.12.223.178","UDP","115","50007  >  50065 Len=73"
"843","13.104554","213.179.201.189","10.12.223.178","UDP","115","50007  >  55354 Len=73"
"844","13.124496","213.179.201.189","10.12.223.178","UDP","115","50007  >  50065 Len=73"
"845","13.124496","213.179.201.189","10.12.223.178","UDP","115","50007  >  55354 Len=73"
"846","13.142665","213.179.201.189","10.12.223.178","UDP","115","50007  >  50065 Len=73"
"847","13.143869","213.179.201.189","10.12.223.178","UDP","115","50007  >  55354 Len=73"
"848","13.162429","213.179.201.189","10.12.223.178","UDP","115","50007  >  50065 Len=73"
"849","13.164808","213.179.201.189","10.12.223.178","UDP","115","50007  >  55354 Len=73"
"850","13.203156","213.179.201.189","10.12.223.178","UDP","115","50007  >  50065 Len=73"
"851","13.203156","213.179.201.189","10.12.223.178","UDP","115","50007  >  55354 Len=73"
"852","13.214783","213.179.201.189","10.12.223.178","UDP","115","50007  >  50065 Len=73"
"853","13.214783","213.179.201.189","10.12.223.178","UDP","115","50007  >  55354 Len=73"
"854","13.228313","213.179.201.189","10.12.223.178","UDP","115","50007  >  50065 Len=73"
"855","13.228313","213.179.201.189","10.12.223.178","UDP","115","50007  >  55354 Len=73"
"856","13.243368","213.179.201.189","10.12.223.178","UDP","115","50007  >  50065 Len=73"
"857","13.243368","213.179.201.189","10.12.223.178","UDP","115","50007  >  55354 Len=73"
"858","13.263112","213.179.201.189","10.12.223.178","UDP","115","50007  >  50065 Len=73"
"859","13.266385","213.179.201.189","10.12.223.178","UDP","115","50007  >  55354 Len=73"
"860","13.284878","213.179.201.189","10.12.223.178","UDP","115","50007  >  50065 Len=73"
"861","13.284878","213.179.201.189","10.12.223.178","UDP","115","50007  >  55354 Len=73"
"864","13.305081","213.179.201.189","10.12.223.178","UDP","115","50007  >  50065 Len=73"
"865","13.305248","213.179.201.189","10.12.223.178","UDP","115","50007  >  55354 Len=73"
"866","13.343832","213.179.201.189","10.12.223.178","UDP","115","50007  >  50065 Len=73"
"867","13.343832","213.179.201.189","10.12.223.178","UDP","115","50007  >  55354 Len=73"
"868","13.359145","213.179.201.189","10.12.223.178","UDP","115","50007  >  50065 Len=73"
"869","13.359145","213.179.201.189","10.12.223.178","UDP","115","50007  >  55354 Len=73"
"870","13.366094","213.179.201.189","10.12.223.178","UDP","115","50007  >  50065 Len=73"
"871","13.366094","213.179.201.189","10.12.223.178","UDP","115","50007  >  55354 Len=73"
"872","13.385039","213.179.201.189","10.12.223.178","UDP","115","50007  >  50065 Len=73"
"873","13.385039","213.179.201.189","10.12.223.178","UDP","115","50007  >  55354 Len=73"
"874","13.406440","213.179.201.189","10.12.223.178","UDP","115","50007  >  50065 Len=73"
"875","13.407458","213.179.201.189","10.12.223.178","UDP","115","50007  >  55354 Len=73"
"876","13.425637","213.179.201.189","10.12.223.178","UDP","114","50007  >  50065 Len=72"
"877","13.425637","213.179.201.189","10.12.223.178","UDP","114","50007  >  55354 Len=72"
"878","13.443307","213.179.201.189","10.12.223.178","UDP","115","50007  >  50065 Len=73"
"879","13.446274","213.179.201.189","10.12.223.178","UDP","115","50007  >  55354 Len=73"
"880","13.466481","213.179.201.189","10.12.223.178","UDP","116","50007  >  50065 Len=74"
"881","13.466481","213.179.201.189","10.12.223.178","UDP","116","50007  >  55354 Len=74"
"882","13.486386","213.179.201.189","10.12.223.178","UDP","115","50007  >  50065 Len=73"
"883","13.486386","213.179.201.189","10.12.223.178","UDP","115","50007  >  55354 Len=73"
"884","13.504997","213.179.201.189","10.12.223.178","UDP","115","50007  >  50065 Len=73"
"885","13.505153","213.179.201.189","10.12.223.178","UDP","115","50007  >  55354 Len=73"
"886","13.523547","213.179.201.189","10.12.223.178","UDP","115","50007  >  50065 Len=73"
"887","13.523547","213.179.201.189","10.12.223.178","UDP","115","50007  >  55354 Len=73"
"888","13.544614","213.179.201.189","10.12.223.178","UDP","115","50007  >  50065 Len=73"
"889","13.544614","213.179.201.189","10.12.223.178","UDP","115","50007  >  55354 Len=73"
"890","13.565218","213.179.201.189","10.12.223.178","UDP","115","50007  >  50065 Len=73"
"891","13.565218","213.179.201.189","10.12.223.178","UDP","115","50007  >  55354 Len=73"
"892","13.585552","213.179.201.189","10.12.223.178","UDP","115","50007  >  50065 Len=73"
"893","13.585552","213.179.201.189","10.12.223.178","UDP","115","50007  >  55354 Len=73"
"894","13.603052","213.179.201.189","10.12.223.178","UDP","115","50007  >  50065 Len=73"
"895","13.606623","213.179.201.189","10.12.223.178","UDP","115","50007  >  55354 Len=73"
"896","13.622857","213.179.201.189","10.12.223.178","UDP","115","50007  >  50065 Len=73"
"897","13.624417","213.179.201.189","10.12.223.178","UDP","115","50007  >  55354 Len=73"
"898","13.641502","213.179.201.189","10.12.223.178","UDP","115","50007  >  50065 Len=73"
"899","13.644804","213.179.201.189","10.12.223.178","UDP","115","50007  >  55354 Len=73"
"900","13.664941","213.179.201.189","10.12.223.178","UDP","115","50007  >  50065 Len=73"
"901","13.664941","213.179.201.189","10.12.223.178","UDP","115","50007  >  55354 Len=73"
"902","13.690245","213.179.201.189","10.12.223.178","UDP","114","50007  >  50065 Len=72"
"903","13.690245","213.179.201.189","10.12.223.178","UDP","114","50007  >  55354 Len=72"
"904","13.705521","213.179.201.189","10.12.223.178","UDP","114","50007  >  50065 Len=72"
"905","13.705521","213.179.201.189","10.12.223.178","UDP","114","50007  >  55354 Len=72"
"906","13.724302","213.179.201.189","10.12.223.178","UDP","115","50007  >  50065 Len=73"
"907","13.728090","213.179.201.189","10.12.223.178","UDP","115","50007  >  55354 Len=73"
"908","13.744874","213.179.201.189","10.12.223.178","UDP","115","50007  >  50065 Len=73"
"909","13.744874","213.179.201.189","10.12.223.178","UDP","115","50007  >  55354 Len=73"
"910","13.762628","213.179.201.189","10.12.223.178","UDP","115","50007  >  50065 Len=73"
"911","13.763278","213.179.201.189","10.12.223.178","UDP","115","50007  >  55354 Len=73"
"912","13.782659","213.179.201.189","10.12.223.178","UDP","115","50007  >  50065 Len=73"
"913","13.786833","213.179.201.189","10.12.223.178","UDP","115","50007  >  55354 Len=73"
"914","13.805067","213.179.201.189","10.12.223.178","UDP","115","50007  >  50065 Len=73"
"915","13.805067","213.179.201.189","10.12.223.178","UDP","115","50007  >  55354 Len=73"
"916","13.823418","213.179.201.189","10.12.223.178","UDP","115","50007  >  50065 Len=73"
"917","13.824284","213.179.201.189","10.12.223.178","UDP","115","50007  >  55354 Len=73"
"918","13.842745","213.179.201.189","10.12.223.178","UDP","114","50007  >  50065 Len=72"
"919","13.846322","213.179.201.189","10.12.223.178","UDP","114","50007  >  55354 Len=72"
"920","13.864948","213.179.201.189","10.12.223.178","UDP","114","50007  >  50065 Len=72"
"921","13.864948","213.179.201.189","10.12.223.178","UDP","114","50007  >  55354 Len=72"
"922","13.882065","213.179.201.189","10.12.223.178","UDP","119","50007  >  50065 Len=77"
"923","13.883271","213.179.201.189","10.12.223.178","UDP","119","50007  >  55354 Len=77"
"924","13.904766","213.179.201.189","10.12.223.178","UDP","115","50007  >  50065 Len=73"
"925","13.904766","213.179.201.189","10.12.223.178","UDP","115","50007  >  55354 Len=73"
"926","13.924390","213.179.201.189","10.12.223.178","UDP","115","50007  >  50065 Len=73"
"927","13.924390","213.179.201.189","10.12.223.178","UDP","115","50007  >  55354 Len=73"
"930","13.943929","213.179.201.189","10.12.223.178","UDP","115","50007  >  50065 Len=73"
"931","13.943929","213.179.201.189","10.12.223.178","UDP","115","50007  >  55354 Len=73"
"932","13.964279","213.179.201.189","10.12.223.178","UDP","115","50007  >  50065 Len=73"
"933","13.964279","213.179.201.189","10.12.223.178","UDP","115","50007  >  55354 Len=73"
"934","13.983435","213.179.201.189","10.12.223.178","UDP","115","50007  >  50065 Len=73"
"935","13.983435","213.179.201.189","10.12.223.178","UDP","115","50007  >  55354 Len=73"
"936","14.003631","213.179.201.189","10.12.223.178","UDP","115","50007  >  50065 Len=73"
"937","14.005801","213.179.201.189","10.12.223.178","UDP","115","50007  >  55354 Len=73"
"938","14.025590","213.179.201.189","10.12.223.178","UDP","115","50007  >  50065 Len=73"
"939","14.025590","213.179.201.189","10.12.223.178","UDP","115","50007  >  55354 Len=73"
"940","14.046773","213.179.201.189","10.12.223.178","UDP","115","50007  >  50065 Len=73"
"941","14.046773","213.179.201.189","10.12.223.178","UDP","115","50007  >  55354 Len=73"
"942","14.064195","213.179.201.189","10.12.223.178","UDP","115","50007  >  50065 Len=73"
"943","14.064902","213.179.201.189","10.12.223.178","UDP","115","50007  >  55354 Len=73"
"944","14.086159","213.179.201.189","10.12.223.178","UDP","115","50007  >  50065 Len=73"
"945","14.086159","213.179.201.189","10.12.223.178","UDP","115","50007  >  55354 Len=73"
"946","14.106162","213.179.201.189","10.12.223.178","UDP","115","50007  >  50065 Len=73"
"947","14.106162","213.179.201.189","10.12.223.178","UDP","115","50007  >  55354 Len=73"
"948","14.123208","213.179.201.189","10.12.223.178","UDP","115","50007  >  50065 Len=73"
"949","14.125498","213.179.201.189","10.12.223.178","UDP","115","50007  >  55354 Len=73"
"950","14.145181","213.179.201.189","10.12.223.178","UDP","115","50007  >  50065 Len=73"
"951","14.145181","213.179.201.189","10.12.223.178","UDP","115","50007  >  55354 Len=73"
"952","14.164437","213.179.201.189","10.12.223.178","UDP","115","50007  >  50065 Len=73"
"953","14.164437","213.179.201.189","10.12.223.178","UDP","115","50007  >  55354 Len=73"
"954","14.184873","213.179.201.189","10.12.223.178","UDP","115","50007  >  50065 Len=73"
"955","14.184873","213.179.201.189","10.12.223.178","UDP","115","50007  >  55354 Len=73"
"956","14.203971","213.179.201.189","10.12.223.178","UDP","115","50007  >  50065 Len=73"
"957","14.203971","213.179.201.189","10.12.223.178","UDP","115","50007  >  55354 Len=73"
"958","14.224542","213.179.201.189","10.12.223.178","UDP","114","50007  >  50065 Len=72"
"959","14.224542","213.179.201.189","10.12.223.178","UDP","114","50007  >  55354 Len=72"
"960","14.244473","213.179.201.189","10.12.223.178","UDP","115","50007  >  50065 Len=73"
"961","14.244473","213.179.201.189","10.12.223.178","UDP","115","50007  >  55354 Len=73"
"962","14.264407","213.179.201.189","10.12.223.178","UDP","116","50007  >  50065 Len=74"
"963","14.264407","213.179.201.189","10.12.223.178","UDP","116","50007  >  55354 Len=74"
"964","14.284137","213.179.201.189","10.12.223.178","UDP","114","50007  >  50065 Len=72"
"965","14.284137","213.179.201.189","10.12.223.178","UDP","114","50007  >  55354 Len=72"
"966","14.303631","213.179.201.189","10.12.223.178","UDP","113","50007  >  50065 Len=71"
"967","14.303631","213.179.201.189","10.12.223.178","UDP","113","50007  >  55354 Len=71"
"970","14.323863","213.179.201.189","10.12.223.178","UDP","113","50007  >  50065 Len=71"
"971","14.323863","213.179.201.189","10.12.223.178","UDP","113","50007  >  55354 Len=71"
"972","14.343105","213.179.201.189","10.12.223.178","UDP","115","50007  >  50065 Len=73"
"973","14.344088","213.179.201.189","10.12.223.178","UDP","115","50007  >  55354 Len=73"
"975","14.375631","213.179.201.189","10.12.223.178","UDP","60","50007  >  55354 Len=8"
"976","14.376071","213.179.201.189","10.12.223.178","UDP","115","50007  >  50065 Len=73"
"977","14.376299","213.179.201.189","10.12.223.178","UDP","115","50007  >  55354 Len=73"
"978","14.383875","213.179.201.189","10.12.223.178","UDP","114","50007  >  50065 Len=72"
"979","14.383875","213.179.201.189","10.12.223.178","UDP","114","50007  >  55354 Len=72"
"980","14.415227","213.179.201.189","10.12.223.178","UDP","121","50007  >  50065 Len=79"
"981","14.415227","213.179.201.189","10.12.223.178","UDP","121","50007  >  55354 Len=79"
"982","14.436913","213.179.201.189","10.12.223.178","UDP","115","50007  >  50065 Len=73"
"983","14.436913","213.179.201.189","10.12.223.178","UDP","115","50007  >  55354 Len=73"
"984","14.455670","213.179.201.189","10.12.223.178","UDP","115","50007  >  50065 Len=73"
"985","14.455670","213.179.201.189","10.12.223.178","UDP","115","50007  >  55354 Len=73"
"986","14.467020","213.179.201.189","10.12.223.178","UDP","115","50007  >  50065 Len=73"
"987","14.467242","213.179.201.189","10.12.223.178","UDP","115","50007  >  55354 Len=73"
"988","14.486789","213.179.201.189","10.12.223.178","UDP","115","50007  >  50065 Len=73"
"989","14.486789","213.179.201.189","10.12.223.178","UDP","115","50007  >  55354 Len=73"
"990","14.502609","213.179.201.189","10.12.223.178","UDP","115","50007  >  50065 Len=73"
"991","14.503558","213.179.201.189","10.12.223.178","UDP","115","50007  >  55354 Len=73"
"992","14.523085","213.179.201.189","10.12.223.178","UDP","115","50007  >  50065 Len=73"
"993","14.526509","213.179.201.189","10.12.223.178","UDP","115","50007  >  55354 Len=73"
"994","14.544928","213.179.201.189","10.12.223.178","UDP","115","50007  >  50065 Len=73"
"995","14.544928","213.179.201.189","10.12.223.178","UDP","115","50007  >  55354 Len=73"
"996","14.564739","213.179.201.189","10.12.223.178","UDP","115","50007  >  50065 Len=73"
"997","14.564739","213.179.201.189","10.12.223.178","UDP","115","50007  >  55354 Len=73"
"998","14.584558","213.179.201.189","10.12.223.178","UDP","115","50007  >  50065 Len=73"
"999","14.584558","213.179.201.189","10.12.223.178","UDP","115","50007  >  55354 Len=73"
"1000","14.604533","213.179.201.189","10.12.223.178","UDP","115","50007  >  50065 Len=73"
"1001","14.604533","213.179.201.189","10.12.223.178","UDP","115","50007  >  55354 Len=73"
"1002","14.623781","213.179.201.189","10.12.223.178","UDP","115","50007  >  50065 Len=73"
"1003","14.623781","213.179.201.189","10.12.223.178","UDP","115","50007  >  55354 Len=73"
"1004","14.644431","213.179.201.189","10.12.223.178","UDP","115","50007  >  50065 Len=73"
"1005","14.644431","213.179.201.189","10.12.223.178","UDP","115","50007  >  55354 Len=73"
"1006","14.663869","213.179.201.189","10.12.223.178","UDP","115","50007  >  50065 Len=73"
"1007","14.663869","213.179.201.189","10.12.223.178","UDP","115","50007  >  55354 Len=73"
"1008","14.685411","213.179.201.189","10.12.223.178","UDP","115","50007  >  50065 Len=73"
"1009","14.687941","213.179.201.189","10.12.223.178","UDP","115","50007  >  55354 Len=73"
"1010","14.705013","213.179.201.189","10.12.223.178","UDP","77","50007  >  50065 Len=35"
"1011","14.705013","213.179.201.189","10.12.223.178","UDP","77","50007  >  55354 Len=35"
"1012","14.723226","213.179.201.189","10.12.223.178","UDP","77","50007  >  50065 Len=35"
"1013","14.727019","213.179.201.189","10.12.223.178","UDP","77","50007  >  55354 Len=35"
"1014","14.744553","213.179.201.189","10.12.223.178","UDP","77","50007  >  50065 Len=35"
"1015","14.744553","213.179.201.189","10.12.223.178","UDP","77","50007  >  55354 Len=35"
"1016","14.765109","213.179.201.189","10.12.223.178","UDP","77","50007  >  50065 Len=35"
"1017","14.765109","213.179.201.189","10.12.223.178","UDP","77","50007  >  55354 Len=35"
"1030","16.332722","213.179.201.189","10.12.223.178","UDP","60","50007  >  50065 Len=8"
